{
  "identifier": 3,
  "guid": "56974861-ec99-4aa7-9962-59c75b662f8a",
  "colors": [
    {
      "r": 0.5803922,
      "g": 0.635294139,
      "b": 1.0
    },
    {
      "r": 0.419607848,
      "g": 0.0784313753,
      "b": 0.7764706
    },
    {
      "r": 0.0509803928,
      "g": 0.0,
      "b": 0.647058845
    },
    {
      "r": 0.0,
      "g": 0.0,
      "b": 0.2
    }
  ],
  "foreground": {
    "r": 0.482352942,
    "g": 1.0,
    "b": 0.894117653
  }
}