{
  "identifier": 0,
  "guid": "61a2b40d-7af2-4d62-b59d-1908714c9088",
  "colors": [
    {
      "r": 0.007843138,
      "g": 0.6117647,
      "b": 0.0627451
    },
    {
      "r": 0.0,
      "g": 0.4745098,
      "b": 0.03137255
    },
    {
      "r": 0.0,
      "g": 0.266666681,
      "b": 0.0
    },
    {
      "r": 0.0,
      "g": 0.215686277,
      "b": 0.0
    }
  ],
  "foreground": {
    "r": 0.0,
    "g": 0.0,
    "b": 0.0
  }
}