{
  "identifier": 2,
  "guid": "6aa1fa97-b91c-4538-b767-e1c14c671007",
  "colors": [
    {
      "r": 0.0,
      "g": 0.0,
      "b": 0.0
    }
  ],
  "foreground": {
    "r": 0.6117647,
    "g": 0.0,
    "b": 0.007843138
  }
}