{
  "identifier": 6,
  "guid": "fdcbdf6a-7751-4bd6-8029-f64172d8a3e2",
  "colors": [
    {
      "r": 0.9882353,
      "g": 0.972549,
      "b": 0.9882353
    }
  ],
  "foreground": {
    "r": 0.0,
    "g": 0.0,
    "b": 0.0
  }
}